{
    "0": {
        "place-welln": [
            -1.3915824010322524,
            -0.7353544754099275,
            -0.6000003072586821,
            -1.4649367119145182,
            -1.1232435453556846,
            -0.21059323083364134,
            -0.3164891464488804,
            -1.572155355416939,
            -1.4842728638463782,
            -0.13995752195687672,
            -1.3463412866992712,
            -0.16300244679866793,
            -0.5067792219146092,
            -1.2982091940865885,
            -1.2987392552538246,
            -1.0718372473252344
        ],
        "place-lech": [
            -4.410042166945253,
            -6.284612757213125,
            -7.155001788129937,
            -6.048289293957119
        ]
    },
    "1": {
        "place-mystc": [
            -0.015856740088395327,
            -0.10012922993666251,
            -0.05723655061338917,
            -0.06645114511453443,
            -0.00626565378583166
        ],
        "place-welln": [
            -0.5856944996171478,
            -0.8629169244136072,
            -0.552776161384152,
            -0.7301873050770311,
            -1.0745134272603352,
            -0.7509914728623528,
            -0.8558308554496676,
            -1.1250960939958219,
            -0.5655791860485131,
            -0.6563888778613389,
            -1.1276370974227916,
            -0.9240456525149199,
            -1.348094916559475
        ],
        "place-lech": [
            -8.856702522467192,
            -13.527304860646499,
            -7.160052335306375
        ]
    }
}