{
    "place-alfcl": [
        -2.2364035102751387,
        -1.852198859034928,
        -2.832002040946513,
        -5.241826531245536,
        -1.3586128074035884,
        -3.0344432878265835,
        -1.4484610921593912,
        -1.374894014515263,
        -8.237197734327275,
        -3.3107896848885616,
        -0.7301769454698785,
        -0.11183180467649834,
        -2.9983007572027347,
        -4.065011323459373,
        -2.1167672789647227,
        -3.6698203286684503,
        -9.375609059568887,
        -7.302002643463069,
        -4.2795856668405605,
        -3.4820597484583544,
        -4.441072501797052,
        -8.025258630567578,
        -8.496820386273711,
        -4.819344347721469,
        -6.425656725654079,
        -1.8988058733660154,
        -0.05114643481849157,
        -5.134620818848617,
        -6.2245311833903685,
        -3.5424381820131643,
        -9.202944322845454,
        -0.7136075479457418,
        -6.076396762016515,
        -5.693074608790347,
        -4.779218718309934,
        -4.869734584734175,
        -3.244573023738532,
        -4.950527054249726,
        -8.87596401523895,
        -7.8451801185999415,
        -0.5546252653036845,
        -6.837128581364219,
        -9.847648561065824,
        -7.974572230572633,
        -4.835638433391409,
        -0.3630769411900161,
        -0.22205756023523548,
        -9.35156161391756,
        -8.808807360314603,
        -9.607471810084718,
        -7.853368054830277,
        -1.4473727820231943,
        -0.592741447804471,
        -4.180065174608874,
        -9.452620453035856,
        -4.496719034417481,
        -4.212063156915903,
        -4.518743642666102,
        -3.7036295726590467,
        -3.6965158337974557,
        -7.272132945739564,
        -2.2587489216462373,
        -2.6896041895010256,
        -8.397390975417792
    ],
    "place-portr": [
        -0.34125801790867527,
        -0.649518639404036,
        -1.406758068645523,
        -2.2329985783239543,
        -0.6598637193039991,
        -0.687075073986918,
        -0.7095680553509851,
        -0.6792963464471171,
        -2.213738559671768,
        -1.287889052021228,
        -2.2349755497342727,
        -1.767130750511054,
        -0.026725490686096975,
        -0.03359578640406369,
        -0.6905717350855447,
        -0.9087612401359593,
        -0.24794041304678416,
        -0.14516825767120878,
        -0.053641898571513025,
        -1.2494585465121375,
        -1.74136928370811,
        -2.178485468565256,
        -1.719240575223509,
        -2.1632391962559083,
        -2.171187676111458,
        -1.408916414754259,
        -1.6382328280245844,
        -0.7119158086292359,
        -0.13537587255371264,
        -1.5207425058995696,
        -2.122066637646867,
        -0.3894117914434787,
        -1.8925199945120283,
        -2.0580430915592984,
        -1.3527775999862754,
        -1.345769708084397,
        -2.2657382485348734,
        -1.7341980531658763,
        -2.0817679493054086,
        -1.8278040600590018,
        -1.3470319850691865,
        -0.8337848470537885,
        -0.6134752788321265,
        -1.5974548735116052,
        -2.020843174867693,
        -2.189496621563933,
        -0.5527035095401516,
        -1.8995925147112231,
        -0.11408344787969327,
        -1.3221695672029519,
        -2.318400239335517,
        -2.1593717243816926,
        -0.2274282905517495,
        -1.8505992591460938,
        -1.4076946906534502,
        -1.0900872196468328,
        -2.226803280820924,
        -2.0532920131952395,
        -0.9992795089051825,
        -0.40407879689426807,
        -0.800833990808357,
        -1.099169830273567,
        -1.0064094063637725,
        -1.398993171015892,
        -1.0762346264522904,
        -1.6445160387406332,
        -1.8849592519087466,
        -1.4967418575940954
    ],
    "place-brico": [
        -7.800775177912421,
        -12.133414246421644,
        -10.351427921474567,
        -0.15414242791591448,
        -8.224611317943513,
        -9.505018779481262,
        -7.666165283642059,
        -3.9181711506871792
    ],
    "place-plsgr": [
        -0.6529101858792359
    ],
    "place-babck": [
        -0.0891475532986945,
        -5.626274024684989,
        -2.303928491552284,
        -2.4686501103615583,
        -7.380198116316599,
        -3.8216905221302326
    ],
    "place-harsq": [
        -1.6538304942261348
    ]
}